-- phpMyAdmin SQL Dump
-- version 5.2.1
-- https://www.phpmyadmin.net/
--
-- Host: 127.0.0.1
-- Waktu pembuatan: 31 Jan 2024 pada 04.31
-- Versi server: 10.4.28-MariaDB
-- Versi PHP: 8.2.4

SET SQL_MODE = "NO_AUTO_VALUE_ON_ZERO";
START TRANSACTION;
SET time_zone = "+00:00";


/*!40101 SET @OLD_CHARACTER_SET_CLIENT=@@CHARACTER_SET_CLIENT */;
/*!40101 SET @OLD_CHARACTER_SET_RESULTS=@@CHARACTER_SET_RESULTS */;
/*!40101 SET @OLD_COLLATION_CONNECTION=@@COLLATION_CONNECTION */;
/*!40101 SET NAMES utf8mb4 */;

--
-- Database: `#mysql50#tcc-old`
--
CREATE DATABASE IF NOT EXISTS `#mysql50#tcc-old` DEFAULT CHARACTER SET utf8mb4 COLLATE utf8mb4_general_ci;
USE `#mysql50#tcc-old`;

-- --------------------------------------------------------

--
-- Struktur dari tabel `admins`
--
-- Kesalahan membaca struktur untuk tabel #mysql50#tcc-old.admins: #1932 - Table &#039;#mysql50#tcc-old.admins&#039; doesn&#039;t exist in engine
-- Kesalahan membaca data untuk tabel #mysql50#tcc-old.admins: #1064 - You have an error in your SQL syntax; check the manual that corresponds to your MariaDB server version for the right syntax to use near &#039;FROM `#mysql50#tcc-old`.`admins`&#039; at line 1

-- --------------------------------------------------------

--
-- Struktur dari tabel `categories`
--
-- Kesalahan membaca struktur untuk tabel #mysql50#tcc-old.categories: #1932 - Table &#039;#mysql50#tcc-old.categories&#039; doesn&#039;t exist in engine
-- Kesalahan membaca data untuk tabel #mysql50#tcc-old.categories: #1064 - You have an error in your SQL syntax; check the manual that corresponds to your MariaDB server version for the right syntax to use near &#039;FROM `#mysql50#tcc-old`.`categories`&#039; at line 1

-- --------------------------------------------------------

--
-- Struktur dari tabel `contests`
--
-- Kesalahan membaca struktur untuk tabel #mysql50#tcc-old.contests: #1932 - Table &#039;#mysql50#tcc-old.contests&#039; doesn&#039;t exist in engine
-- Kesalahan membaca data untuk tabel #mysql50#tcc-old.contests: #1064 - You have an error in your SQL syntax; check the manual that corresponds to your MariaDB server version for the right syntax to use near &#039;FROM `#mysql50#tcc-old`.`contests`&#039; at line 1

-- --------------------------------------------------------

--
-- Struktur dari tabel `contest_notifications`
--
-- Kesalahan membaca struktur untuk tabel #mysql50#tcc-old.contest_notifications: #1932 - Table &#039;#mysql50#tcc-old.contest_notifications&#039; doesn&#039;t exist in engine
-- Kesalahan membaca data untuk tabel #mysql50#tcc-old.contest_notifications: #1064 - You have an error in your SQL syntax; check the manual that corresponds to your MariaDB server version for the right syntax to use near &#039;FROM `#mysql50#tcc-old`.`contest_notifications`&#039; at line 1

-- --------------------------------------------------------

--
-- Struktur dari tabel `contest_participants`
--
-- Kesalahan membaca struktur untuk tabel #mysql50#tcc-old.contest_participants: #1932 - Table &#039;#mysql50#tcc-old.contest_participants&#039; doesn&#039;t exist in engine
-- Kesalahan membaca data untuk tabel #mysql50#tcc-old.contest_participants: #1064 - You have an error in your SQL syntax; check the manual that corresponds to your MariaDB server version for the right syntax to use near &#039;FROM `#mysql50#tcc-old`.`contest_participants`&#039; at line 1

-- --------------------------------------------------------

--
-- Struktur dari tabel `contest_problems`
--
-- Kesalahan membaca struktur untuk tabel #mysql50#tcc-old.contest_problems: #1932 - Table &#039;#mysql50#tcc-old.contest_problems&#039; doesn&#039;t exist in engine
-- Kesalahan membaca data untuk tabel #mysql50#tcc-old.contest_problems: #1064 - You have an error in your SQL syntax; check the manual that corresponds to your MariaDB server version for the right syntax to use near &#039;FROM `#mysql50#tcc-old`.`contest_problems`&#039; at line 1

-- --------------------------------------------------------

--
-- Struktur dari tabel `contest_submissions`
--
-- Kesalahan membaca struktur untuk tabel #mysql50#tcc-old.contest_submissions: #1932 - Table &#039;#mysql50#tcc-old.contest_submissions&#039; doesn&#039;t exist in engine
-- Kesalahan membaca data untuk tabel #mysql50#tcc-old.contest_submissions: #1064 - You have an error in your SQL syntax; check the manual that corresponds to your MariaDB server version for the right syntax to use near &#039;FROM `#mysql50#tcc-old`.`contest_submissions`&#039; at line 1

-- --------------------------------------------------------

--
-- Struktur dari tabel `contest_test_cases`
--
-- Kesalahan membaca struktur untuk tabel #mysql50#tcc-old.contest_test_cases: #1932 - Table &#039;#mysql50#tcc-old.contest_test_cases&#039; doesn&#039;t exist in engine
-- Kesalahan membaca data untuk tabel #mysql50#tcc-old.contest_test_cases: #1064 - You have an error in your SQL syntax; check the manual that corresponds to your MariaDB server version for the right syntax to use near &#039;FROM `#mysql50#tcc-old`.`contest_test_cases`&#039; at line 1

-- --------------------------------------------------------

--
-- Struktur dari tabel `failed_jobs`
--
-- Kesalahan membaca struktur untuk tabel #mysql50#tcc-old.failed_jobs: #1932 - Table &#039;#mysql50#tcc-old.failed_jobs&#039; doesn&#039;t exist in engine
-- Kesalahan membaca data untuk tabel #mysql50#tcc-old.failed_jobs: #1064 - You have an error in your SQL syntax; check the manual that corresponds to your MariaDB server version for the right syntax to use near &#039;FROM `#mysql50#tcc-old`.`failed_jobs`&#039; at line 1

-- --------------------------------------------------------

--
-- Struktur dari tabel `languages`
--
-- Kesalahan membaca struktur untuk tabel #mysql50#tcc-old.languages: #1932 - Table &#039;#mysql50#tcc-old.languages&#039; doesn&#039;t exist in engine
-- Kesalahan membaca data untuk tabel #mysql50#tcc-old.languages: #1064 - You have an error in your SQL syntax; check the manual that corresponds to your MariaDB server version for the right syntax to use near &#039;FROM `#mysql50#tcc-old`.`languages`&#039; at line 1

-- --------------------------------------------------------

--
-- Struktur dari tabel `migrations`
--
-- Kesalahan membaca struktur untuk tabel #mysql50#tcc-old.migrations: #1932 - Table &#039;#mysql50#tcc-old.migrations&#039; doesn&#039;t exist in engine
-- Kesalahan membaca data untuk tabel #mysql50#tcc-old.migrations: #1064 - You have an error in your SQL syntax; check the manual that corresponds to your MariaDB server version for the right syntax to use near &#039;FROM `#mysql50#tcc-old`.`migrations`&#039; at line 1

-- --------------------------------------------------------

--
-- Struktur dari tabel `password_reset_tokens`
--
-- Kesalahan membaca struktur untuk tabel #mysql50#tcc-old.password_reset_tokens: #1932 - Table &#039;#mysql50#tcc-old.password_reset_tokens&#039; doesn&#039;t exist in engine
-- Kesalahan membaca data untuk tabel #mysql50#tcc-old.password_reset_tokens: #1064 - You have an error in your SQL syntax; check the manual that corresponds to your MariaDB server version for the right syntax to use near &#039;FROM `#mysql50#tcc-old`.`password_reset_tokens`&#039; at line 1

-- --------------------------------------------------------

--
-- Struktur dari tabel `personal_access_tokens`
--
-- Kesalahan membaca struktur untuk tabel #mysql50#tcc-old.personal_access_tokens: #1932 - Table &#039;#mysql50#tcc-old.personal_access_tokens&#039; doesn&#039;t exist in engine
-- Kesalahan membaca data untuk tabel #mysql50#tcc-old.personal_access_tokens: #1064 - You have an error in your SQL syntax; check the manual that corresponds to your MariaDB server version for the right syntax to use near &#039;FROM `#mysql50#tcc-old`.`personal_access_tokens`&#039; at line 1

-- --------------------------------------------------------

--
-- Struktur dari tabel `problems`
--
-- Kesalahan membaca struktur untuk tabel #mysql50#tcc-old.problems: #1932 - Table &#039;#mysql50#tcc-old.problems&#039; doesn&#039;t exist in engine
-- Kesalahan membaca data untuk tabel #mysql50#tcc-old.problems: #1064 - You have an error in your SQL syntax; check the manual that corresponds to your MariaDB server version for the right syntax to use near &#039;FROM `#mysql50#tcc-old`.`problems`&#039; at line 1

-- --------------------------------------------------------

--
-- Struktur dari tabel `submissions`
--
-- Kesalahan membaca struktur untuk tabel #mysql50#tcc-old.submissions: #1932 - Table &#039;#mysql50#tcc-old.submissions&#039; doesn&#039;t exist in engine
-- Kesalahan membaca data untuk tabel #mysql50#tcc-old.submissions: #1064 - You have an error in your SQL syntax; check the manual that corresponds to your MariaDB server version for the right syntax to use near &#039;FROM `#mysql50#tcc-old`.`submissions`&#039; at line 1

-- --------------------------------------------------------

--
-- Struktur dari tabel `test_cases`
--
-- Kesalahan membaca struktur untuk tabel #mysql50#tcc-old.test_cases: #1932 - Table &#039;#mysql50#tcc-old.test_cases&#039; doesn&#039;t exist in engine
-- Kesalahan membaca data untuk tabel #mysql50#tcc-old.test_cases: #1064 - You have an error in your SQL syntax; check the manual that corresponds to your MariaDB server version for the right syntax to use near &#039;FROM `#mysql50#tcc-old`.`test_cases`&#039; at line 1

-- --------------------------------------------------------

--
-- Struktur dari tabel `users`
--
-- Kesalahan membaca struktur untuk tabel #mysql50#tcc-old.users: #1932 - Table &#039;#mysql50#tcc-old.users&#039; doesn&#039;t exist in engine
-- Kesalahan membaca data untuk tabel #mysql50#tcc-old.users: #1064 - You have an error in your SQL syntax; check the manual that corresponds to your MariaDB server version for the right syntax to use near &#039;FROM `#mysql50#tcc-old`.`users`&#039; at line 1
--
-- Database: `gotodos`
--
CREATE DATABASE IF NOT EXISTS `gotodos` DEFAULT CHARACTER SET utf8mb4 COLLATE utf8mb4_general_ci;
USE `gotodos`;

-- --------------------------------------------------------

--
-- Struktur dari tabel `todos`
--

CREATE TABLE `todos` (
  `id` int(11) NOT NULL,
  `title` varchar(255) NOT NULL,
  `description` varchar(255) NOT NULL,
  `done` tinyint(4) NOT NULL
) ENGINE=InnoDB DEFAULT CHARSET=utf8mb4 COLLATE=utf8mb4_general_ci;

--
-- Dumping data untuk tabel `todos`
--

INSERT INTO `todos` (`id`, `title`, `description`, `done`) VALUES
(2, 'ini baru update', 'ini Deskripsi setelah updaet', 1),
(3, 'ini baru update lagi', 'ini Deskripsi setelah update lagi', 1),
(4, 'Test Keempat', 'Ini testing Keempat', 1),
(6, 'Test kesekian', 'Ini testing kesekian', 0);

--
-- Indexes for dumped tables
--

--
-- Indeks untuk tabel `todos`
--
ALTER TABLE `todos`
  ADD PRIMARY KEY (`id`);

--
-- AUTO_INCREMENT untuk tabel yang dibuang
--

--
-- AUTO_INCREMENT untuk tabel `todos`
--
ALTER TABLE `todos`
  MODIFY `id` int(11) NOT NULL AUTO_INCREMENT, AUTO_INCREMENT=7;
--
-- Database: `klinik-laravel`
--
CREATE DATABASE IF NOT EXISTS `klinik-laravel` DEFAULT CHARACTER SET utf8mb4 COLLATE utf8mb4_general_ci;
USE `klinik-laravel`;

-- --------------------------------------------------------

--
-- Struktur dari tabel `dokters`
--
-- Kesalahan membaca struktur untuk tabel klinik-laravel.dokters: #1932 - Table &#039;klinik-laravel.dokters&#039; doesn&#039;t exist in engine
-- Kesalahan membaca data untuk tabel klinik-laravel.dokters: #1064 - You have an error in your SQL syntax; check the manual that corresponds to your MariaDB server version for the right syntax to use near &#039;FROM `klinik-laravel`.`dokters`&#039; at line 1

-- --------------------------------------------------------

--
-- Struktur dari tabel `failed_jobs`
--
-- Kesalahan membaca struktur untuk tabel klinik-laravel.failed_jobs: #1932 - Table &#039;klinik-laravel.failed_jobs&#039; doesn&#039;t exist in engine
-- Kesalahan membaca data untuk tabel klinik-laravel.failed_jobs: #1064 - You have an error in your SQL syntax; check the manual that corresponds to your MariaDB server version for the right syntax to use near &#039;FROM `klinik-laravel`.`failed_jobs`&#039; at line 1

-- --------------------------------------------------------

--
-- Struktur dari tabel `jadwals`
--
-- Kesalahan membaca struktur untuk tabel klinik-laravel.jadwals: #1932 - Table &#039;klinik-laravel.jadwals&#039; doesn&#039;t exist in engine
-- Kesalahan membaca data untuk tabel klinik-laravel.jadwals: #1064 - You have an error in your SQL syntax; check the manual that corresponds to your MariaDB server version for the right syntax to use near &#039;FROM `klinik-laravel`.`jadwals`&#039; at line 1

-- --------------------------------------------------------

--
-- Struktur dari tabel `jenis`
--
-- Kesalahan membaca struktur untuk tabel klinik-laravel.jenis: #1932 - Table &#039;klinik-laravel.jenis&#039; doesn&#039;t exist in engine
-- Kesalahan membaca data untuk tabel klinik-laravel.jenis: #1064 - You have an error in your SQL syntax; check the manual that corresponds to your MariaDB server version for the right syntax to use near &#039;FROM `klinik-laravel`.`jenis`&#039; at line 1

-- --------------------------------------------------------

--
-- Struktur dari tabel `migrations`
--
-- Kesalahan membaca struktur untuk tabel klinik-laravel.migrations: #1932 - Table &#039;klinik-laravel.migrations&#039; doesn&#039;t exist in engine
-- Kesalahan membaca data untuk tabel klinik-laravel.migrations: #1064 - You have an error in your SQL syntax; check the manual that corresponds to your MariaDB server version for the right syntax to use near &#039;FROM `klinik-laravel`.`migrations`&#039; at line 1

-- --------------------------------------------------------

--
-- Struktur dari tabel `obats`
--
-- Kesalahan membaca struktur untuk tabel klinik-laravel.obats: #1932 - Table &#039;klinik-laravel.obats&#039; doesn&#039;t exist in engine
-- Kesalahan membaca data untuk tabel klinik-laravel.obats: #1064 - You have an error in your SQL syntax; check the manual that corresponds to your MariaDB server version for the right syntax to use near &#039;FROM `klinik-laravel`.`obats`&#039; at line 1

-- --------------------------------------------------------

--
-- Struktur dari tabel `pasiens`
--
-- Kesalahan membaca struktur untuk tabel klinik-laravel.pasiens: #1932 - Table &#039;klinik-laravel.pasiens&#039; doesn&#039;t exist in engine
-- Kesalahan membaca data untuk tabel klinik-laravel.pasiens: #1064 - You have an error in your SQL syntax; check the manual that corresponds to your MariaDB server version for the right syntax to use near &#039;FROM `klinik-laravel`.`pasiens`&#039; at line 1

-- --------------------------------------------------------

--
-- Struktur dari tabel `password_resets`
--
-- Kesalahan membaca struktur untuk tabel klinik-laravel.password_resets: #1932 - Table &#039;klinik-laravel.password_resets&#039; doesn&#039;t exist in engine
-- Kesalahan membaca data untuk tabel klinik-laravel.password_resets: #1064 - You have an error in your SQL syntax; check the manual that corresponds to your MariaDB server version for the right syntax to use near &#039;FROM `klinik-laravel`.`password_resets`&#039; at line 1

-- --------------------------------------------------------

--
-- Struktur dari tabel `pegawais`
--
-- Kesalahan membaca struktur untuk tabel klinik-laravel.pegawais: #1932 - Table &#039;klinik-laravel.pegawais&#039; doesn&#039;t exist in engine
-- Kesalahan membaca data untuk tabel klinik-laravel.pegawais: #1064 - You have an error in your SQL syntax; check the manual that corresponds to your MariaDB server version for the right syntax to use near &#039;FROM `klinik-laravel`.`pegawais`&#039; at line 1

-- --------------------------------------------------------

--
-- Struktur dari tabel `personal_access_tokens`
--
-- Kesalahan membaca struktur untuk tabel klinik-laravel.personal_access_tokens: #1932 - Table &#039;klinik-laravel.personal_access_tokens&#039; doesn&#039;t exist in engine
-- Kesalahan membaca data untuk tabel klinik-laravel.personal_access_tokens: #1064 - You have an error in your SQL syntax; check the manual that corresponds to your MariaDB server version for the right syntax to use near &#039;FROM `klinik-laravel`.`personal_access_tokens`&#039; at line 1

-- --------------------------------------------------------

--
-- Struktur dari tabel `polis`
--
-- Kesalahan membaca struktur untuk tabel klinik-laravel.polis: #1932 - Table &#039;klinik-laravel.polis&#039; doesn&#039;t exist in engine
-- Kesalahan membaca data untuk tabel klinik-laravel.polis: #1064 - You have an error in your SQL syntax; check the manual that corresponds to your MariaDB server version for the right syntax to use near &#039;FROM `klinik-laravel`.`polis`&#039; at line 1

-- --------------------------------------------------------

--
-- Struktur dari tabel `rekams`
--
-- Kesalahan membaca struktur untuk tabel klinik-laravel.rekams: #1932 - Table &#039;klinik-laravel.rekams&#039; doesn&#039;t exist in engine
-- Kesalahan membaca data untuk tabel klinik-laravel.rekams: #1064 - You have an error in your SQL syntax; check the manual that corresponds to your MariaDB server version for the right syntax to use near &#039;FROM `klinik-laravel`.`rekams`&#039; at line 1

-- --------------------------------------------------------

--
-- Struktur dari tabel `users`
--
-- Kesalahan membaca struktur untuk tabel klinik-laravel.users: #1932 - Table &#039;klinik-laravel.users&#039; doesn&#039;t exist in engine
-- Kesalahan membaca data untuk tabel klinik-laravel.users: #1064 - You have an error in your SQL syntax; check the manual that corresponds to your MariaDB server version for the right syntax to use near &#039;FROM `klinik-laravel`.`users`&#039; at line 1
--
-- Database: `laravel`
--
CREATE DATABASE IF NOT EXISTS `laravel` DEFAULT CHARACTER SET utf8mb4 COLLATE utf8mb4_general_ci;
USE `laravel`;
--
-- Database: `nextjs-prisma`
--
CREATE DATABASE IF NOT EXISTS `nextjs-prisma` DEFAULT CHARACTER SET utf8mb4 COLLATE utf8mb4_general_ci;
USE `nextjs-prisma`;

-- --------------------------------------------------------

--
-- Struktur dari tabel `post`
--

CREATE TABLE `post` (
  `id` int(11) NOT NULL,
  `title` varchar(191) NOT NULL,
  `content` varchar(191) DEFAULT NULL,
  `published` tinyint(1) NOT NULL DEFAULT 0
) ENGINE=InnoDB DEFAULT CHARSET=utf8mb4 COLLATE=utf8mb4_unicode_ci;

--
-- Dumping data untuk tabel `post`
--

INSERT INTO `post` (`id`, `title`, `content`, `published`) VALUES
(1, 'Hello this is a new post', NULL, 0);

-- --------------------------------------------------------

--
-- Struktur dari tabel `_prisma_migrations`
--

CREATE TABLE `_prisma_migrations` (
  `id` varchar(36) NOT NULL,
  `checksum` varchar(64) NOT NULL,
  `finished_at` datetime(3) DEFAULT NULL,
  `migration_name` varchar(255) NOT NULL,
  `logs` text DEFAULT NULL,
  `rolled_back_at` datetime(3) DEFAULT NULL,
  `started_at` datetime(3) NOT NULL DEFAULT current_timestamp(3),
  `applied_steps_count` int(10) UNSIGNED NOT NULL DEFAULT 0
) ENGINE=InnoDB DEFAULT CHARSET=utf8mb4 COLLATE=utf8mb4_unicode_ci;

--
-- Dumping data untuk tabel `_prisma_migrations`
--

INSERT INTO `_prisma_migrations` (`id`, `checksum`, `finished_at`, `migration_name`, `logs`, `rolled_back_at`, `started_at`, `applied_steps_count`) VALUES
('039b20bf-3400-4270-aea1-2e266843feff', 'e2db923171296fc988c23bdebb8d37955669e6216575ace006bd328a609d7c46', '2023-11-30 04:45:50.073', '20231130044549_added_a_post_model', NULL, NULL, '2023-11-30 04:45:49.947', 1),
('8033c4b1-adb7-4c66-aa23-cfc40b0709eb', '610cfbb6840490333cd1a95ba115f9cbbcd6b8d8ffa034c6c9190df367d6de34', '2023-11-30 04:49:55.514', '20231130044955_added_a_post', NULL, NULL, '2023-11-30 04:49:55.469', 1);

--
-- Indexes for dumped tables
--

--
-- Indeks untuk tabel `post`
--
ALTER TABLE `post`
  ADD PRIMARY KEY (`id`);

--
-- Indeks untuk tabel `_prisma_migrations`
--
ALTER TABLE `_prisma_migrations`
  ADD PRIMARY KEY (`id`);

--
-- AUTO_INCREMENT untuk tabel yang dibuang
--

--
-- AUTO_INCREMENT untuk tabel `post`
--
ALTER TABLE `post`
  MODIFY `id` int(11) NOT NULL AUTO_INCREMENT, AUTO_INCREMENT=2;
--
-- Database: `phpmyadmin`
--
CREATE DATABASE IF NOT EXISTS `phpmyadmin` DEFAULT CHARACTER SET utf8 COLLATE utf8_bin;
USE `phpmyadmin`;

-- --------------------------------------------------------

--
-- Struktur dari tabel `pma__bookmark`
--

CREATE TABLE `pma__bookmark` (
  `id` int(10) UNSIGNED NOT NULL,
  `dbase` varchar(255) NOT NULL DEFAULT '',
  `user` varchar(255) NOT NULL DEFAULT '',
  `label` varchar(255) CHARACTER SET utf8 COLLATE utf8_general_ci NOT NULL DEFAULT '',
  `query` text NOT NULL
) ENGINE=InnoDB DEFAULT CHARSET=utf8 COLLATE=utf8_bin COMMENT='Bookmarks';

-- --------------------------------------------------------

--
-- Struktur dari tabel `pma__central_columns`
--

CREATE TABLE `pma__central_columns` (
  `db_name` varchar(64) NOT NULL,
  `col_name` varchar(64) NOT NULL,
  `col_type` varchar(64) NOT NULL,
  `col_length` text DEFAULT NULL,
  `col_collation` varchar(64) NOT NULL,
  `col_isNull` tinyint(1) NOT NULL,
  `col_extra` varchar(255) DEFAULT '',
  `col_default` text DEFAULT NULL
) ENGINE=InnoDB DEFAULT CHARSET=utf8 COLLATE=utf8_bin COMMENT='Central list of columns';

-- --------------------------------------------------------

--
-- Struktur dari tabel `pma__column_info`
--

CREATE TABLE `pma__column_info` (
  `id` int(5) UNSIGNED NOT NULL,
  `db_name` varchar(64) NOT NULL DEFAULT '',
  `table_name` varchar(64) NOT NULL DEFAULT '',
  `column_name` varchar(64) NOT NULL DEFAULT '',
  `comment` varchar(255) CHARACTER SET utf8 COLLATE utf8_general_ci NOT NULL DEFAULT '',
  `mimetype` varchar(255) CHARACTER SET utf8 COLLATE utf8_general_ci NOT NULL DEFAULT '',
  `transformation` varchar(255) NOT NULL DEFAULT '',
  `transformation_options` varchar(255) NOT NULL DEFAULT '',
  `input_transformation` varchar(255) NOT NULL DEFAULT '',
  `input_transformation_options` varchar(255) NOT NULL DEFAULT ''
) ENGINE=InnoDB DEFAULT CHARSET=utf8 COLLATE=utf8_bin COMMENT='Column information for phpMyAdmin';

-- --------------------------------------------------------

--
-- Struktur dari tabel `pma__designer_settings`
--

CREATE TABLE `pma__designer_settings` (
  `username` varchar(64) NOT NULL,
  `settings_data` text NOT NULL
) ENGINE=InnoDB DEFAULT CHARSET=utf8 COLLATE=utf8_bin COMMENT='Settings related to Designer';

-- --------------------------------------------------------

--
-- Struktur dari tabel `pma__export_templates`
--

CREATE TABLE `pma__export_templates` (
  `id` int(5) UNSIGNED NOT NULL,
  `username` varchar(64) NOT NULL,
  `export_type` varchar(10) NOT NULL,
  `template_name` varchar(64) NOT NULL,
  `template_data` text NOT NULL
) ENGINE=InnoDB DEFAULT CHARSET=utf8 COLLATE=utf8_bin COMMENT='Saved export templates';

-- --------------------------------------------------------

--
-- Struktur dari tabel `pma__favorite`
--

CREATE TABLE `pma__favorite` (
  `username` varchar(64) NOT NULL,
  `tables` text NOT NULL
) ENGINE=InnoDB DEFAULT CHARSET=utf8 COLLATE=utf8_bin COMMENT='Favorite tables';

-- --------------------------------------------------------

--
-- Struktur dari tabel `pma__history`
--

CREATE TABLE `pma__history` (
  `id` bigint(20) UNSIGNED NOT NULL,
  `username` varchar(64) NOT NULL DEFAULT '',
  `db` varchar(64) NOT NULL DEFAULT '',
  `table` varchar(64) NOT NULL DEFAULT '',
  `timevalue` timestamp NOT NULL DEFAULT current_timestamp(),
  `sqlquery` text NOT NULL
) ENGINE=InnoDB DEFAULT CHARSET=utf8 COLLATE=utf8_bin COMMENT='SQL history for phpMyAdmin';

-- --------------------------------------------------------

--
-- Struktur dari tabel `pma__navigationhiding`
--

CREATE TABLE `pma__navigationhiding` (
  `username` varchar(64) NOT NULL,
  `item_name` varchar(64) NOT NULL,
  `item_type` varchar(64) NOT NULL,
  `db_name` varchar(64) NOT NULL,
  `table_name` varchar(64) NOT NULL
) ENGINE=InnoDB DEFAULT CHARSET=utf8 COLLATE=utf8_bin COMMENT='Hidden items of navigation tree';

-- --------------------------------------------------------

--
-- Struktur dari tabel `pma__pdf_pages`
--

CREATE TABLE `pma__pdf_pages` (
  `db_name` varchar(64) NOT NULL DEFAULT '',
  `page_nr` int(10) UNSIGNED NOT NULL,
  `page_descr` varchar(50) CHARACTER SET utf8 COLLATE utf8_general_ci NOT NULL DEFAULT ''
) ENGINE=InnoDB DEFAULT CHARSET=utf8 COLLATE=utf8_bin COMMENT='PDF relation pages for phpMyAdmin';

-- --------------------------------------------------------

--
-- Struktur dari tabel `pma__recent`
--

CREATE TABLE `pma__recent` (
  `username` varchar(64) NOT NULL,
  `tables` text NOT NULL
) ENGINE=InnoDB DEFAULT CHARSET=utf8 COLLATE=utf8_bin COMMENT='Recently accessed tables';

-- --------------------------------------------------------

--
-- Struktur dari tabel `pma__relation`
--

CREATE TABLE `pma__relation` (
  `master_db` varchar(64) NOT NULL DEFAULT '',
  `master_table` varchar(64) NOT NULL DEFAULT '',
  `master_field` varchar(64) NOT NULL DEFAULT '',
  `foreign_db` varchar(64) NOT NULL DEFAULT '',
  `foreign_table` varchar(64) NOT NULL DEFAULT '',
  `foreign_field` varchar(64) NOT NULL DEFAULT ''
) ENGINE=InnoDB DEFAULT CHARSET=utf8 COLLATE=utf8_bin COMMENT='Relation table';

-- --------------------------------------------------------

--
-- Struktur dari tabel `pma__savedsearches`
--

CREATE TABLE `pma__savedsearches` (
  `id` int(5) UNSIGNED NOT NULL,
  `username` varchar(64) NOT NULL DEFAULT '',
  `db_name` varchar(64) NOT NULL DEFAULT '',
  `search_name` varchar(64) NOT NULL DEFAULT '',
  `search_data` text NOT NULL
) ENGINE=InnoDB DEFAULT CHARSET=utf8 COLLATE=utf8_bin COMMENT='Saved searches';

-- --------------------------------------------------------

--
-- Struktur dari tabel `pma__table_coords`
--

CREATE TABLE `pma__table_coords` (
  `db_name` varchar(64) NOT NULL DEFAULT '',
  `table_name` varchar(64) NOT NULL DEFAULT '',
  `pdf_page_number` int(11) NOT NULL DEFAULT 0,
  `x` float UNSIGNED NOT NULL DEFAULT 0,
  `y` float UNSIGNED NOT NULL DEFAULT 0
) ENGINE=InnoDB DEFAULT CHARSET=utf8 COLLATE=utf8_bin COMMENT='Table coordinates for phpMyAdmin PDF output';

-- --------------------------------------------------------

--
-- Struktur dari tabel `pma__table_info`
--

CREATE TABLE `pma__table_info` (
  `db_name` varchar(64) NOT NULL DEFAULT '',
  `table_name` varchar(64) NOT NULL DEFAULT '',
  `display_field` varchar(64) NOT NULL DEFAULT ''
) ENGINE=InnoDB DEFAULT CHARSET=utf8 COLLATE=utf8_bin COMMENT='Table information for phpMyAdmin';

-- --------------------------------------------------------

--
-- Struktur dari tabel `pma__table_uiprefs`
--

CREATE TABLE `pma__table_uiprefs` (
  `username` varchar(64) NOT NULL,
  `db_name` varchar(64) NOT NULL,
  `table_name` varchar(64) NOT NULL,
  `prefs` text NOT NULL,
  `last_update` timestamp NOT NULL DEFAULT current_timestamp() ON UPDATE current_timestamp()
) ENGINE=InnoDB DEFAULT CHARSET=utf8 COLLATE=utf8_bin COMMENT='Tables'' UI preferences';

-- --------------------------------------------------------

--
-- Struktur dari tabel `pma__tracking`
--

CREATE TABLE `pma__tracking` (
  `db_name` varchar(64) NOT NULL,
  `table_name` varchar(64) NOT NULL,
  `version` int(10) UNSIGNED NOT NULL,
  `date_created` datetime NOT NULL,
  `date_updated` datetime NOT NULL,
  `schema_snapshot` text NOT NULL,
  `schema_sql` text DEFAULT NULL,
  `data_sql` longtext DEFAULT NULL,
  `tracking` set('UPDATE','REPLACE','INSERT','DELETE','TRUNCATE','CREATE DATABASE','ALTER DATABASE','DROP DATABASE','CREATE TABLE','ALTER TABLE','RENAME TABLE','DROP TABLE','CREATE INDEX','DROP INDEX','CREATE VIEW','ALTER VIEW','DROP VIEW') DEFAULT NULL,
  `tracking_active` int(1) UNSIGNED NOT NULL DEFAULT 1
) ENGINE=InnoDB DEFAULT CHARSET=utf8 COLLATE=utf8_bin COMMENT='Database changes tracking for phpMyAdmin';

-- --------------------------------------------------------

--
-- Struktur dari tabel `pma__userconfig`
--

CREATE TABLE `pma__userconfig` (
  `username` varchar(64) NOT NULL,
  `timevalue` timestamp NOT NULL DEFAULT current_timestamp() ON UPDATE current_timestamp(),
  `config_data` text NOT NULL
) ENGINE=InnoDB DEFAULT CHARSET=utf8 COLLATE=utf8_bin COMMENT='User preferences storage for phpMyAdmin';

--
-- Dumping data untuk tabel `pma__userconfig`
--

INSERT INTO `pma__userconfig` (`username`, `timevalue`, `config_data`) VALUES
('root', '2024-01-29 14:43:41', '{\"Console\\/Mode\":\"collapse\",\"lang\":\"id\"}');

-- --------------------------------------------------------

--
-- Struktur dari tabel `pma__usergroups`
--

CREATE TABLE `pma__usergroups` (
  `usergroup` varchar(64) NOT NULL,
  `tab` varchar(64) NOT NULL,
  `allowed` enum('Y','N') NOT NULL DEFAULT 'N'
) ENGINE=InnoDB DEFAULT CHARSET=utf8 COLLATE=utf8_bin COMMENT='User groups with configured menu items';

-- --------------------------------------------------------

--
-- Struktur dari tabel `pma__users`
--

CREATE TABLE `pma__users` (
  `username` varchar(64) NOT NULL,
  `usergroup` varchar(64) NOT NULL
) ENGINE=InnoDB DEFAULT CHARSET=utf8 COLLATE=utf8_bin COMMENT='Users and their assignments to user groups';

--
-- Indexes for dumped tables
--

--
-- Indeks untuk tabel `pma__bookmark`
--
ALTER TABLE `pma__bookmark`
  ADD PRIMARY KEY (`id`);

--
-- Indeks untuk tabel `pma__central_columns`
--
ALTER TABLE `pma__central_columns`
  ADD PRIMARY KEY (`db_name`,`col_name`);

--
-- Indeks untuk tabel `pma__column_info`
--
ALTER TABLE `pma__column_info`
  ADD PRIMARY KEY (`id`),
  ADD UNIQUE KEY `db_name` (`db_name`,`table_name`,`column_name`);

--
-- Indeks untuk tabel `pma__designer_settings`
--
ALTER TABLE `pma__designer_settings`
  ADD PRIMARY KEY (`username`);

--
-- Indeks untuk tabel `pma__export_templates`
--
ALTER TABLE `pma__export_templates`
  ADD PRIMARY KEY (`id`),
  ADD UNIQUE KEY `u_user_type_template` (`username`,`export_type`,`template_name`);

--
-- Indeks untuk tabel `pma__favorite`
--
ALTER TABLE `pma__favorite`
  ADD PRIMARY KEY (`username`);

--
-- Indeks untuk tabel `pma__history`
--
ALTER TABLE `pma__history`
  ADD PRIMARY KEY (`id`),
  ADD KEY `username` (`username`,`db`,`table`,`timevalue`);

--
-- Indeks untuk tabel `pma__navigationhiding`
--
ALTER TABLE `pma__navigationhiding`
  ADD PRIMARY KEY (`username`,`item_name`,`item_type`,`db_name`,`table_name`);

--
-- Indeks untuk tabel `pma__pdf_pages`
--
ALTER TABLE `pma__pdf_pages`
  ADD PRIMARY KEY (`page_nr`),
  ADD KEY `db_name` (`db_name`);

--
-- Indeks untuk tabel `pma__recent`
--
ALTER TABLE `pma__recent`
  ADD PRIMARY KEY (`username`);

--
-- Indeks untuk tabel `pma__relation`
--
ALTER TABLE `pma__relation`
  ADD PRIMARY KEY (`master_db`,`master_table`,`master_field`),
  ADD KEY `foreign_field` (`foreign_db`,`foreign_table`);

--
-- Indeks untuk tabel `pma__savedsearches`
--
ALTER TABLE `pma__savedsearches`
  ADD PRIMARY KEY (`id`),
  ADD UNIQUE KEY `u_savedsearches_username_dbname` (`username`,`db_name`,`search_name`);

--
-- Indeks untuk tabel `pma__table_coords`
--
ALTER TABLE `pma__table_coords`
  ADD PRIMARY KEY (`db_name`,`table_name`,`pdf_page_number`);

--
-- Indeks untuk tabel `pma__table_info`
--
ALTER TABLE `pma__table_info`
  ADD PRIMARY KEY (`db_name`,`table_name`);

--
-- Indeks untuk tabel `pma__table_uiprefs`
--
ALTER TABLE `pma__table_uiprefs`
  ADD PRIMARY KEY (`username`,`db_name`,`table_name`);

--
-- Indeks untuk tabel `pma__tracking`
--
ALTER TABLE `pma__tracking`
  ADD PRIMARY KEY (`db_name`,`table_name`,`version`);

--
-- Indeks untuk tabel `pma__userconfig`
--
ALTER TABLE `pma__userconfig`
  ADD PRIMARY KEY (`username`);

--
-- Indeks untuk tabel `pma__usergroups`
--
ALTER TABLE `pma__usergroups`
  ADD PRIMARY KEY (`usergroup`,`tab`,`allowed`);

--
-- Indeks untuk tabel `pma__users`
--
ALTER TABLE `pma__users`
  ADD PRIMARY KEY (`username`,`usergroup`);

--
-- AUTO_INCREMENT untuk tabel yang dibuang
--

--
-- AUTO_INCREMENT untuk tabel `pma__bookmark`
--
ALTER TABLE `pma__bookmark`
  MODIFY `id` int(10) UNSIGNED NOT NULL AUTO_INCREMENT;

--
-- AUTO_INCREMENT untuk tabel `pma__column_info`
--
ALTER TABLE `pma__column_info`
  MODIFY `id` int(5) UNSIGNED NOT NULL AUTO_INCREMENT;

--
-- AUTO_INCREMENT untuk tabel `pma__export_templates`
--
ALTER TABLE `pma__export_templates`
  MODIFY `id` int(5) UNSIGNED NOT NULL AUTO_INCREMENT;

--
-- AUTO_INCREMENT untuk tabel `pma__history`
--
ALTER TABLE `pma__history`
  MODIFY `id` bigint(20) UNSIGNED NOT NULL AUTO_INCREMENT;

--
-- AUTO_INCREMENT untuk tabel `pma__pdf_pages`
--
ALTER TABLE `pma__pdf_pages`
  MODIFY `page_nr` int(10) UNSIGNED NOT NULL AUTO_INCREMENT;

--
-- AUTO_INCREMENT untuk tabel `pma__savedsearches`
--
ALTER TABLE `pma__savedsearches`
  MODIFY `id` int(5) UNSIGNED NOT NULL AUTO_INCREMENT;
--
-- Database: `prisma_test`
--
CREATE DATABASE IF NOT EXISTS `prisma_test` DEFAULT CHARACTER SET utf8mb4 COLLATE utf8mb4_general_ci;
USE `prisma_test`;

-- --------------------------------------------------------

--
-- Struktur dari tabel `post`
--

CREATE TABLE `post` (
  `id` int(11) NOT NULL,
  `title` varchar(191) NOT NULL,
  `code` text NOT NULL,
  `language` varchar(191) NOT NULL,
  `totalLikes` int(11) NOT NULL DEFAULT 0,
  `totalComments` int(11) NOT NULL DEFAULT 0,
  `createdAt` datetime(3) NOT NULL DEFAULT current_timestamp(3),
  `updatedAt` datetime(3) NOT NULL
) ENGINE=InnoDB DEFAULT CHARSET=utf8mb4 COLLATE=utf8mb4_unicode_ci;

--
-- Dumping data untuk tabel `post`
--

INSERT INTO `post` (`id`, `title`, `code`, `language`, `totalLikes`, `totalComments`, `createdAt`, `updatedAt`) VALUES
(1, 'function test() {\r', 'function test() {\r\n    console.log(\"ini adalah testing\")\r\n}', 'javascript', 0, 0, '2023-11-29 16:31:50.008', '2023-11-29 16:31:50.008'),
(2, 'function test() {\r', 'function test() {\r\n    console.log(\"ini adalah testing\")\r\n}', 'javascript', 0, 0, '2023-11-29 16:31:55.117', '2023-11-29 16:31:55.117'),
(3, 'function test() {\r', 'function test() {\r\n    console.log(\"ini adalah testing\")\r\n}', 'javascript', 0, 0, '2023-11-29 16:32:00.663', '2023-11-29 16:32:00.663'),
(4, 'function test() {\r', 'function test() {\r\n    console.log(\"ini adalah testing\")\r\n}', 'javascript', 0, 0, '2023-11-29 16:32:00.945', '2023-11-29 16:32:00.945'),
(5, 'function test() {\r', 'function test() {\r\n    console.log(\"ini adalah testing\")\r\n}', 'javascript', 0, 0, '2023-11-29 16:32:01.200', '2023-11-29 16:32:01.200'),
(6, 'function test() {\r', 'function test() {\r\n    console.log(\"ini adalah testing\")\r\n}', 'javascript', 0, 0, '2023-11-29 16:32:01.371', '2023-11-29 16:32:01.371'),
(7, 'function test() {\r', 'function test() {\r\n    console.log(\"ini adalah testing\")\r\n}', 'javascript', 0, 0, '2023-11-29 16:32:01.551', '2023-11-29 16:32:01.551'),
(8, 'function test() {\r', 'function test() {\r\n    console.log(\"ini adalah testing\")\r\n}', 'javascript', 0, 0, '2023-11-29 16:32:05.499', '2023-11-29 16:32:05.499'),
(9, 'function test() {\r', 'function test() {\r\n    console.log(\"ini adalah testing\")\r\n}', 'javascript', 0, 0, '2023-11-29 16:32:05.679', '2023-11-29 16:32:05.679'),
(10, 'function test() {\r', 'function test() {\r\n    console.log(\"ini adalah testing\")\r\n}', 'javascript', 0, 0, '2023-11-29 16:32:06.265', '2023-11-29 16:32:06.265'),
(11, 'function test() {\r', 'function test() {\r\n    console.log(\"ini adalah testing\")\r\n}', 'javascript', 0, 0, '2023-11-29 16:32:06.444', '2023-11-29 16:32:06.444'),
(12, 'function test() {\r', 'function test() {\r\n    console.log(\"ini adalah testing\")\r\n}', 'javascript', 0, 0, '2023-11-29 16:32:06.616', '2023-11-29 16:32:06.616'),
(13, 'function test() {\r', 'function test() {\r\n    console.log(\"ini adalah testing\")\r\n}', 'javascript', 0, 0, '2023-11-29 16:32:06.774', '2023-11-29 16:32:06.774'),
(14, 'function test() {\r', 'function test() {\r\n    console.log(\"ini adalah testing\")\r\n}', 'javascript', 0, 0, '2023-11-29 16:32:10.109', '2023-11-29 16:32:10.109'),
(15, 'function test() {\r', 'function test() {\r\n    console.log(\"ini adalah testing\")\r\n}', 'javascript', 0, 0, '2023-11-29 16:32:10.281', '2023-11-29 16:32:10.281'),
(16, 'function test() {\r', 'function test() {\r\n    console.log(\"ini adalah testing\")\r\n}', 'javascript', 0, 0, '2023-11-29 16:32:10.489', '2023-11-29 16:32:10.489'),
(17, 'function test() {\r', 'function test() {\r\n    console.log(\"ini adalah testing\")\r\n}', 'javascript', 0, 0, '2023-11-29 16:32:29.232', '2023-11-29 16:32:29.232'),
(18, 'function test() {\r', 'function test() {\r\n    console.log(\"ini adalah testing\")\r\n}', 'javascript', 0, 0, '2023-11-29 16:32:29.404', '2023-11-29 16:32:29.404'),
(19, 'function test() {\r', 'function test() {\r\n    console.log(\"ini adalah testing\")\r\n}', 'javascript', 0, 0, '2023-11-29 16:32:29.617', '2023-11-29 16:32:29.617'),
(20, 'function test() {\r', 'function test() {\r\n    console.log(\"ini adalah testing\")\r\n}', 'javascript', 0, 0, '2023-11-29 16:34:35.107', '2023-11-29 16:34:35.107'),
(21, 'function test() {\r', 'function test() {\r\n    console.log(\"ini adalah testing\")\r\n}', 'javascript', 0, 0, '2023-11-29 16:34:35.284', '2023-11-29 16:34:35.284'),
(22, 'function sum(){\r', 'function sum(){\r\n    return 1+2\r\n}', 'javascript', 0, 0, '2023-11-29 16:37:52.630', '2023-11-29 16:37:52.630'),
(23, 'function sum(){\r', 'function sum(){\r\n    return 1+2\r\n}', 'javascript', 0, 0, '2023-11-29 16:37:54.457', '2023-11-29 16:37:54.457'),
(24, 'function sum(){\r', 'function sum(){\r\n    return 1+2\r\n}', 'javascript', 0, 0, '2023-11-29 16:37:54.630', '2023-11-29 16:37:54.630'),
(25, 'function sum(){\r', 'function sum(){\r\n    return 1+2\r\n}', 'javascript', 0, 0, '2023-11-29 16:38:02.436', '2023-11-29 16:38:02.436');

--
-- Indexes for dumped tables
--

--
-- Indeks untuk tabel `post`
--
ALTER TABLE `post`
  ADD PRIMARY KEY (`id`);

--
-- AUTO_INCREMENT untuk tabel yang dibuang
--

--
-- AUTO_INCREMENT untuk tabel `post`
--
ALTER TABLE `post`
  MODIFY `id` int(11) NOT NULL AUTO_INCREMENT, AUTO_INCREMENT=26;
--
-- Database: `sipemde`
--
CREATE DATABASE IF NOT EXISTS `sipemde` DEFAULT CHARACTER SET utf8mb4 COLLATE utf8mb4_general_ci;
USE `sipemde`;

-- --------------------------------------------------------

--
-- Struktur dari tabel `account`
--

CREATE TABLE `account` (
  `id` varchar(191) NOT NULL,
  `userId` varchar(191) NOT NULL,
  `type` varchar(191) NOT NULL,
  `provider` varchar(191) NOT NULL,
  `providerAccountId` varchar(191) NOT NULL,
  `refresh_token` text DEFAULT NULL,
  `access_token` text DEFAULT NULL,
  `expires_at` int(11) DEFAULT NULL,
  `token_type` varchar(191) DEFAULT NULL,
  `scope` varchar(191) DEFAULT NULL,
  `id_token` text DEFAULT NULL,
  `session_state` varchar(191) DEFAULT NULL
) ENGINE=InnoDB DEFAULT CHARSET=utf8mb4 COLLATE=utf8mb4_unicode_ci;

--
-- Dumping data untuk tabel `account`
--

INSERT INTO `account` (`id`, `userId`, `type`, `provider`, `providerAccountId`, `refresh_token`, `access_token`, `expires_at`, `token_type`, `scope`, `id_token`, `session_state`) VALUES
('cloq452zl0002vnq8umip5gos', 'cloq452yy0000vnq8z6umewh1', 'oauth', 'google', '115719447287682728051', NULL, 'ya29.a0AfB_byDQ9ffj5GU9risCU8D41eGM7JqFH3Qd9vHbb0lsubwMq23AdYtmHswc0PY7MAohjtYvCvnS2Mg85V8ZzC4i3dTiVsUoIRB1HMj5-0gae6rgchLQ60YS6QShOrxCZOIwjHcLdxKrXiZAp3vffFpG5jhhw-0SkA2eaCgYKAdQSARESFQHGX2MiXf6x2XoGPvyo1OeU7QzQSA0171', 1699472897, 'Bearer', 'openid https://www.googleapis.com/auth/userinfo.email https://www.googleapis.com/auth/userinfo.profile', 'eyJhbGciOiJSUzI1NiIsImtpZCI6ImY1ZjRiZjQ2ZTUyYjMxZDliNjI0OWY3MzA5YWQwMzM4NDAwNjgwY2QiLCJ0eXAiOiJKV1QifQ.eyJpc3MiOiJodHRwczovL2FjY291bnRzLmdvb2dsZS5jb20iLCJhenAiOiIzNTA2OTIwMDMyNzEtaXVrOW5vbmlwYW9mM2RiZGw5a2Vha2tobnFkcTI4czEuYXBwcy5nb29nbGV1c2VyY29udGVudC5jb20iLCJhdWQiOiIzNTA2OTIwMDMyNzEtaXVrOW5vbmlwYW9mM2RiZGw5a2Vha2tobnFkcTI4czEuYXBwcy5nb29nbGV1c2VyY29udGVudC5jb20iLCJzdWIiOiIxMTU3MTk0NDcyODc2ODI3MjgwNTEiLCJlbWFpbCI6ImZhanJ5am9ic0BnbWFpbC5jb20iLCJlbWFpbF92ZXJpZmllZCI6dHJ1ZSwiYXRfaGFzaCI6ImY5SHkzUTl3VGpFVU9YOFRPcm5NWVEiLCJuYW1lIjoiRmFqcnkgQXJpYW5zeWFoIiwicGljdHVyZSI6Imh0dHBzOi8vbGgzLmdvb2dsZXVzZXJjb250ZW50LmNvbS9hL0FDZzhvY0pVeXpXUnBZOUNnOUZoWmdEWXQyM1hDU0hXNmpxRnVCRHN1UFFwUnNNV3ZnPXM5Ni1jIiwiZ2l2ZW5fbmFtZSI6IkZhanJ5IiwiZmFtaWx5X25hbWUiOiJBcmlhbnN5YWgiLCJsb2NhbGUiOiJpZCIsImlhdCI6MTY5OTQ2OTI5OCwiZXhwIjoxNjk5NDcyODk4fQ.Ac8_GWmQ0YOdLJduRBStV7YwXr9AYF3gD97uj7xnOoi9mIDUUXnD-dRAYsF_tLVytmF000-a-B63Pt0HwG2XnCh0CAPyF7Bcv3tW143bgrexn71_0w9iHt4RETYOzjvLytPVI4Bq-OkMyuW95KzAa4EceU1dGb0In9mFcWTkbVYoqGxZHOi0xkCiD8eaBAvLSoAc4jb_PYZL1hbsST_udzIUzzW7yLkfFpOt7Y7w1FNol5AYm_R4HmtNfCm1jbBthYMtd8LF4PfNVS6R7GnFTsNESITdmI2psBL513qDDGtoX5v8KlDFWIuBRM6ehXJ8yCPtPtZfuNNRcSGX_pSK8g', NULL),
('cloq49sfe0009vnq85749eaok', 'cloq49sf00007vnq8jzbgn1y0', 'oauth', 'google', '103760688517231445590', NULL, 'ya29.a0AfB_byDJZiEfb1Sr-wVMxzjoUkXpLO0ouO4Xbn-cEWbmroOiEXKmaIgwD059xg7_oVOELM8F3zFRzGSJDtbX6B9exbPUv8buIApry996WKcT7nM8TCry9-QtGNTv3VlO0wKApl_Ma9FrSydK3Gsxtg39Ad3tWpPR9q8LaCgYKAZYSARESFQHGX2MitolWl1zJCCg26rHjIHN5Ig0171', 1699473116, 'Bearer', 'https://www.googleapis.com/auth/userinfo.email https://www.googleapis.com/auth/userinfo.profile openid', 'eyJhbGciOiJSUzI1NiIsImtpZCI6ImY1ZjRiZjQ2ZTUyYjMxZDliNjI0OWY3MzA5YWQwMzM4NDAwNjgwY2QiLCJ0eXAiOiJKV1QifQ.eyJpc3MiOiJodHRwczovL2FjY291bnRzLmdvb2dsZS5jb20iLCJhenAiOiIzNTA2OTIwMDMyNzEtaXVrOW5vbmlwYW9mM2RiZGw5a2Vha2tobnFkcTI4czEuYXBwcy5nb29nbGV1c2VyY29udGVudC5jb20iLCJhdWQiOiIzNTA2OTIwMDMyNzEtaXVrOW5vbmlwYW9mM2RiZGw5a2Vha2tobnFkcTI4czEuYXBwcy5nb29nbGV1c2VyY29udGVudC5jb20iLCJzdWIiOiIxMDM3NjA2ODg1MTcyMzE0NDU1OTAiLCJlbWFpbCI6ImZhanJ5aGFsdGVrc0BnbWFpbC5jb20iLCJlbWFpbF92ZXJpZmllZCI6dHJ1ZSwiYXRfaGFzaCI6IjVkQVZCeXNDU1Z5ZXdoVFJydkxGNVEiLCJuYW1lIjoiRmFqcnkgQXJpYW5zeWFoIiwicGljdHVyZSI6Imh0dHBzOi8vbGgzLmdvb2dsZXVzZXJjb250ZW50LmNvbS9hL0FDZzhvY0lXdkFmZDJWUEhSNElPMjlfNXJkNGJZMEszYmw2UmVxWjkzb3cwMHJaUT1zOTYtYyIsImdpdmVuX25hbWUiOiJGYWpyeSIsImZhbWlseV9uYW1lIjoiQXJpYW5zeWFoIiwibG9jYWxlIjoiaWQiLCJpYXQiOjE2OTk0Njk1MTcsImV4cCI6MTY5OTQ3MzExN30.XJe9uK6oYSvv-4Nm1LtLBvyhmA2JVXSvlaFLdBsWtJzJ4V4JJBYnJbYfF-Eiiy9IA5Qd1ItJt3bWFOiRsotPqyHzPY-uUtkvOQ1PyRmKwY1B8uj9Osxw-Pvli_vp_sbE_GIXbdRMxN7bH3KS4qjadYzwyqWeiDELtzn85A8kGSSG-CEYruJ0OdlXwQ2bkf3JkNQcZwPLPNu6lghOmIj7bBN-NcvBECXHhZDvwTqlyU-Mtj6cHi1hENfS-wL8R2YqN0tg08yVBkA49_1QELiCicy4YwFwpne3Vt-rY8BKJLwHxTK_AUWGXFhnC5S3mhkVbx09TZwhnKJBk0WSfIPGww', NULL);

-- --------------------------------------------------------

--
-- Struktur dari tabel `comment`
--

CREATE TABLE `comment` (
  `id` varchar(191) NOT NULL,
  `text` varchar(191) NOT NULL,
  `createdAt` datetime(3) NOT NULL DEFAULT current_timestamp(3),
  `authorId` varchar(191) NOT NULL,
  `postId` varchar(191) NOT NULL,
  `replyToId` varchar(191) DEFAULT NULL,
  `commentId` varchar(191) DEFAULT NULL
) ENGINE=InnoDB DEFAULT CHARSET=utf8mb4 COLLATE=utf8mb4_unicode_ci;

--
-- Dumping data untuk tabel `comment`
--

INSERT INTO `comment` (`id`, `text`, `createdAt`, `authorId`, `postId`, `replyToId`, `commentId`) VALUES
('cloqxmt0b0001vnmcmom2uc7h', 'Bener, saya sudah begitu', '2023-11-09 08:33:54.005', 'cloq452yy0000vnq8z6umewh1', 'cloqtavud0003vn3ct7hvrwvd', NULL, NULL),
('clor0jj9l0001vnk0edzly0sa', 'asd', '2023-11-09 09:55:20.263', 'cloq452yy0000vnq8z6umewh1', 'cloqzzwy60003vnmclvysozat', NULL, NULL);

-- --------------------------------------------------------

--
-- Struktur dari tabel `commentvote`
--

CREATE TABLE `commentvote` (
  `userId` varchar(191) NOT NULL,
  `commentId` varchar(191) NOT NULL,
  `type` enum('UP','DOWN') NOT NULL
) ENGINE=InnoDB DEFAULT CHARSET=utf8mb4 COLLATE=utf8mb4_unicode_ci;

--
-- Dumping data untuk tabel `commentvote`
--

INSERT INTO `commentvote` (`userId`, `commentId`, `type`) VALUES
('cloq452yy0000vnq8z6umewh1', 'cloqxmt0b0001vnmcmom2uc7h', 'UP');

-- --------------------------------------------------------

--
-- Struktur dari tabel `post`
--

CREATE TABLE `post` (
  `id` varchar(191) NOT NULL,
  `title` varchar(191) NOT NULL,
  `content` longtext CHARACTER SET utf8mb4 COLLATE utf8mb4_bin DEFAULT NULL CHECK (json_valid(`content`)),
  `createdAt` datetime(3) NOT NULL DEFAULT current_timestamp(3),
  `updatedAt` datetime(3) NOT NULL,
  `authorId` varchar(191) NOT NULL,
  `subredditId` varchar(191) NOT NULL
) ENGINE=InnoDB DEFAULT CHARSET=utf8mb4 COLLATE=utf8mb4_unicode_ci;

--
-- Dumping data untuk tabel `post`
--

INSERT INTO `post` (`id`, `title`, `content`, `createdAt`, `updatedAt`, `authorId`, `subredditId`) VALUES
('cloq486k90006vnq88ioonuaq', 'Kerusakan di terminal', '{\"time\":1699469441641,\"blocks\":[{\"id\":\"m5W_vcL8V4\",\"type\":\"paragraph\",\"data\":{\"text\":\"sangat buruk jalan diterminal, semoga pemerintah dapat memperbaiki\"}}],\"version\":\"2.28.2\"}', '2023-11-08 18:50:42.867', '2023-11-08 18:50:42.867', 'cloq452yy0000vnq8z6umewh1', 'cloq4632a0004vnq8pp0qgoxw'),
('cloqtavud0003vn3ct7hvrwvd', 'Jalanan Rusak', '{\"time\":1699511556675,\"blocks\":[{\"id\":\"_J4iM5iN3w\",\"type\":\"paragraph\",\"data\":{\"text\":\"Jalanan di tanjung selamat rusak&nbsp;\"}}],\"version\":\"2.28.2\"}', '2023-11-09 06:32:39.343', '2023-11-09 06:32:39.343', 'cloq49sf00007vnq8jzbgn1y0', 'cloq4632a0004vnq8pp0qgoxw'),
('clor1qwy40001vnkw8thygn9e', 'Keributan', '{\"time\":1699525741443,\"blocks\":[{\"id\":\"clflOsuxZv\",\"type\":\"paragraph\",\"data\":{\"text\":\"ada keributan dari lorong jambu pada malam hari\"}}],\"version\":\"2.28.2\"}', '2023-11-09 10:29:04.201', '2023-11-09 10:29:04.201', 'cloq452yy0000vnq8z6umewh1', 'cloqsf0qw0001vn3cbgybeu1s');

-- --------------------------------------------------------

--
-- Struktur dari tabel `session`
--

CREATE TABLE `session` (
  `id` varchar(191) NOT NULL,
  `sessionToken` varchar(191) NOT NULL,
  `userId` varchar(191) NOT NULL,
  `expires` datetime(3) NOT NULL
) ENGINE=InnoDB DEFAULT CHARSET=utf8mb4 COLLATE=utf8mb4_unicode_ci;

-- --------------------------------------------------------

--
-- Struktur dari tabel `subreddit`
--

CREATE TABLE `subreddit` (
  `id` varchar(191) NOT NULL,
  `name` varchar(191) NOT NULL,
  `createdAt` datetime(3) NOT NULL DEFAULT current_timestamp(3),
  `updatedAt` datetime(3) NOT NULL,
  `creatorId` varchar(191) DEFAULT NULL
) ENGINE=InnoDB DEFAULT CHARSET=utf8mb4 COLLATE=utf8mb4_unicode_ci;

--
-- Dumping data untuk tabel `subreddit`
--

INSERT INTO `subreddit` (`id`, `name`, `createdAt`, `updatedAt`, `creatorId`) VALUES
('cloq4632a0004vnq8pp0qgoxw', 'Sipemde', '2023-11-08 18:49:05.027', '2023-11-08 18:49:05.027', 'cloq452yy0000vnq8z6umewh1'),
('cloqsf0qw0001vn3cbgybeu1s', 'Aduan', '2023-11-09 06:07:52.708', '2023-11-09 06:07:52.708', 'cloq49sf00007vnq8jzbgn1y0');

-- --------------------------------------------------------

--
-- Struktur dari tabel `subscription`
--

CREATE TABLE `subscription` (
  `userId` varchar(191) NOT NULL,
  `subredditId` varchar(191) NOT NULL
) ENGINE=InnoDB DEFAULT CHARSET=utf8mb4 COLLATE=utf8mb4_unicode_ci;

--
-- Dumping data untuk tabel `subscription`
--

INSERT INTO `subscription` (`userId`, `subredditId`) VALUES
('cloq452yy0000vnq8z6umewh1', 'cloq4632a0004vnq8pp0qgoxw'),
('cloq452yy0000vnq8z6umewh1', 'cloqsf0qw0001vn3cbgybeu1s'),
('cloq49sf00007vnq8jzbgn1y0', 'cloq4632a0004vnq8pp0qgoxw'),
('cloq49sf00007vnq8jzbgn1y0', 'cloqsf0qw0001vn3cbgybeu1s');

-- --------------------------------------------------------

--
-- Struktur dari tabel `user`
--

CREATE TABLE `user` (
  `id` varchar(191) NOT NULL,
  `name` varchar(191) DEFAULT NULL,
  `email` varchar(191) DEFAULT NULL,
  `emailVerified` datetime(3) DEFAULT NULL,
  `username` varchar(191) DEFAULT NULL,
  `image` varchar(191) DEFAULT NULL
) ENGINE=InnoDB DEFAULT CHARSET=utf8mb4 COLLATE=utf8mb4_unicode_ci;

--
-- Dumping data untuk tabel `user`
--

INSERT INTO `user` (`id`, `name`, `email`, `emailVerified`, `username`, `image`) VALUES
('cloq452yy0000vnq8z6umewh1', 'Fajry Ariansyah', 'fajryjobs@gmail.com', NULL, 'K7pzVrKOhL', 'https://lh3.googleusercontent.com/a/ACg8ocJUyzWRpY9Cg9FhZgDYt23XCSHW6jqFuBDsuPQpRsMWvg=s96-c'),
('cloq49sf00007vnq8jzbgn1y0', 'Fajry Ariansyah', 'fajryhalteks@gmail.com', NULL, '0mcq8P04ov', 'https://lh3.googleusercontent.com/a/ACg8ocIWvAfd2VPHR4IO29_5rd4bY0K3bl6ReqZ93ow00rZQ=s96-c');

-- --------------------------------------------------------

--
-- Struktur dari tabel `vote`
--

CREATE TABLE `vote` (
  `userId` varchar(191) NOT NULL,
  `postId` varchar(191) NOT NULL,
  `type` enum('UP','DOWN') NOT NULL
) ENGINE=InnoDB DEFAULT CHARSET=utf8mb4 COLLATE=utf8mb4_unicode_ci;

--
-- Dumping data untuk tabel `vote`
--

INSERT INTO `vote` (`userId`, `postId`, `type`) VALUES
('cloq452yy0000vnq8z6umewh1', 'cloqtavud0003vn3ct7hvrwvd', 'UP'),
('cloq49sf00007vnq8jzbgn1y0', 'cloq486k90006vnq88ioonuaq', 'UP');

-- --------------------------------------------------------

--
-- Struktur dari tabel `_prisma_migrations`
--

CREATE TABLE `_prisma_migrations` (
  `id` varchar(36) NOT NULL,
  `checksum` varchar(64) NOT NULL,
  `finished_at` datetime(3) DEFAULT NULL,
  `migration_name` varchar(255) NOT NULL,
  `logs` text DEFAULT NULL,
  `rolled_back_at` datetime(3) DEFAULT NULL,
  `started_at` datetime(3) NOT NULL DEFAULT current_timestamp(3),
  `applied_steps_count` int(10) UNSIGNED NOT NULL DEFAULT 0
) ENGINE=InnoDB DEFAULT CHARSET=utf8mb4 COLLATE=utf8mb4_unicode_ci;

--
-- Dumping data untuk tabel `_prisma_migrations`
--

INSERT INTO `_prisma_migrations` (`id`, `checksum`, `finished_at`, `migration_name`, `logs`, `rolled_back_at`, `started_at`, `applied_steps_count`) VALUES
('819e5391-c34b-48be-9dad-dec496ec7c0c', 'f85750a77c379f1b73c478687f6db6a98f4513ba29f74d653b656db9b51d8ad2', '2023-11-08 15:39:43.288', '20231108153943_init', NULL, NULL, '2023-11-08 15:39:43.155', 1);

--
-- Indexes for dumped tables
--

--
-- Indeks untuk tabel `account`
--
ALTER TABLE `account`
  ADD PRIMARY KEY (`id`),
  ADD UNIQUE KEY `Account_provider_providerAccountId_key` (`provider`,`providerAccountId`);

--
-- Indeks untuk tabel `comment`
--
ALTER TABLE `comment`
  ADD PRIMARY KEY (`id`);

--
-- Indeks untuk tabel `commentvote`
--
ALTER TABLE `commentvote`
  ADD PRIMARY KEY (`userId`,`commentId`);

--
-- Indeks untuk tabel `post`
--
ALTER TABLE `post`
  ADD PRIMARY KEY (`id`);

--
-- Indeks untuk tabel `session`
--
ALTER TABLE `session`
  ADD PRIMARY KEY (`id`),
  ADD UNIQUE KEY `Session_sessionToken_key` (`sessionToken`);

--
-- Indeks untuk tabel `subreddit`
--
ALTER TABLE `subreddit`
  ADD PRIMARY KEY (`id`),
  ADD UNIQUE KEY `Subreddit_name_key` (`name`),
  ADD KEY `Subreddit_name_idx` (`name`);

--
-- Indeks untuk tabel `subscription`
--
ALTER TABLE `subscription`
  ADD PRIMARY KEY (`userId`,`subredditId`);

--
-- Indeks untuk tabel `user`
--
ALTER TABLE `user`
  ADD PRIMARY KEY (`id`),
  ADD UNIQUE KEY `User_email_key` (`email`),
  ADD UNIQUE KEY `User_username_key` (`username`);

--
-- Indeks untuk tabel `vote`
--
ALTER TABLE `vote`
  ADD PRIMARY KEY (`userId`,`postId`);

--
-- Indeks untuk tabel `_prisma_migrations`
--
ALTER TABLE `_prisma_migrations`
  ADD PRIMARY KEY (`id`);
--
-- Database: `tcc-laravel`
--
CREATE DATABASE IF NOT EXISTS `tcc-laravel` DEFAULT CHARACTER SET utf8mb4 COLLATE utf8mb4_general_ci;
USE `tcc-laravel`;

-- --------------------------------------------------------

--
-- Struktur dari tabel `admins`
--
-- Kesalahan membaca struktur untuk tabel tcc-laravel.admins: #1932 - Table &#039;tcc-laravel.admins&#039; doesn&#039;t exist in engine
-- Kesalahan membaca data untuk tabel tcc-laravel.admins: #1064 - You have an error in your SQL syntax; check the manual that corresponds to your MariaDB server version for the right syntax to use near &#039;FROM `tcc-laravel`.`admins`&#039; at line 1

-- --------------------------------------------------------

--
-- Struktur dari tabel `categories`
--
-- Kesalahan membaca struktur untuk tabel tcc-laravel.categories: #1932 - Table &#039;tcc-laravel.categories&#039; doesn&#039;t exist in engine
-- Kesalahan membaca data untuk tabel tcc-laravel.categories: #1064 - You have an error in your SQL syntax; check the manual that corresponds to your MariaDB server version for the right syntax to use near &#039;FROM `tcc-laravel`.`categories`&#039; at line 1

-- --------------------------------------------------------

--
-- Struktur dari tabel `contests`
--
-- Kesalahan membaca struktur untuk tabel tcc-laravel.contests: #1932 - Table &#039;tcc-laravel.contests&#039; doesn&#039;t exist in engine
-- Kesalahan membaca data untuk tabel tcc-laravel.contests: #1064 - You have an error in your SQL syntax; check the manual that corresponds to your MariaDB server version for the right syntax to use near &#039;FROM `tcc-laravel`.`contests`&#039; at line 1

-- --------------------------------------------------------

--
-- Struktur dari tabel `failed_jobs`
--
-- Kesalahan membaca struktur untuk tabel tcc-laravel.failed_jobs: #1932 - Table &#039;tcc-laravel.failed_jobs&#039; doesn&#039;t exist in engine
-- Kesalahan membaca data untuk tabel tcc-laravel.failed_jobs: #1064 - You have an error in your SQL syntax; check the manual that corresponds to your MariaDB server version for the right syntax to use near &#039;FROM `tcc-laravel`.`failed_jobs`&#039; at line 1

-- --------------------------------------------------------

--
-- Struktur dari tabel `languages`
--
-- Kesalahan membaca struktur untuk tabel tcc-laravel.languages: #1932 - Table &#039;tcc-laravel.languages&#039; doesn&#039;t exist in engine
-- Kesalahan membaca data untuk tabel tcc-laravel.languages: #1064 - You have an error in your SQL syntax; check the manual that corresponds to your MariaDB server version for the right syntax to use near &#039;FROM `tcc-laravel`.`languages`&#039; at line 1

-- --------------------------------------------------------

--
-- Struktur dari tabel `migrations`
--
-- Kesalahan membaca struktur untuk tabel tcc-laravel.migrations: #1932 - Table &#039;tcc-laravel.migrations&#039; doesn&#039;t exist in engine
-- Kesalahan membaca data untuk tabel tcc-laravel.migrations: #1064 - You have an error in your SQL syntax; check the manual that corresponds to your MariaDB server version for the right syntax to use near &#039;FROM `tcc-laravel`.`migrations`&#039; at line 1

-- --------------------------------------------------------

--
-- Struktur dari tabel `password_reset_tokens`
--
-- Kesalahan membaca struktur untuk tabel tcc-laravel.password_reset_tokens: #1932 - Table &#039;tcc-laravel.password_reset_tokens&#039; doesn&#039;t exist in engine
-- Kesalahan membaca data untuk tabel tcc-laravel.password_reset_tokens: #1064 - You have an error in your SQL syntax; check the manual that corresponds to your MariaDB server version for the right syntax to use near &#039;FROM `tcc-laravel`.`password_reset_tokens`&#039; at line 1

-- --------------------------------------------------------

--
-- Struktur dari tabel `personal_access_tokens`
--
-- Kesalahan membaca struktur untuk tabel tcc-laravel.personal_access_tokens: #1932 - Table &#039;tcc-laravel.personal_access_tokens&#039; doesn&#039;t exist in engine
-- Kesalahan membaca data untuk tabel tcc-laravel.personal_access_tokens: #1064 - You have an error in your SQL syntax; check the manual that corresponds to your MariaDB server version for the right syntax to use near &#039;FROM `tcc-laravel`.`personal_access_tokens`&#039; at line 1

-- --------------------------------------------------------

--
-- Struktur dari tabel `problems`
--
-- Kesalahan membaca struktur untuk tabel tcc-laravel.problems: #1932 - Table &#039;tcc-laravel.problems&#039; doesn&#039;t exist in engine
-- Kesalahan membaca data untuk tabel tcc-laravel.problems: #1064 - You have an error in your SQL syntax; check the manual that corresponds to your MariaDB server version for the right syntax to use near &#039;FROM `tcc-laravel`.`problems`&#039; at line 1

-- --------------------------------------------------------

--
-- Struktur dari tabel `submissions`
--
-- Kesalahan membaca struktur untuk tabel tcc-laravel.submissions: #1932 - Table &#039;tcc-laravel.submissions&#039; doesn&#039;t exist in engine
-- Kesalahan membaca data untuk tabel tcc-laravel.submissions: #1064 - You have an error in your SQL syntax; check the manual that corresponds to your MariaDB server version for the right syntax to use near &#039;FROM `tcc-laravel`.`submissions`&#039; at line 1

-- --------------------------------------------------------

--
-- Struktur dari tabel `test_cases`
--
-- Kesalahan membaca struktur untuk tabel tcc-laravel.test_cases: #1932 - Table &#039;tcc-laravel.test_cases&#039; doesn&#039;t exist in engine
-- Kesalahan membaca data untuk tabel tcc-laravel.test_cases: #1064 - You have an error in your SQL syntax; check the manual that corresponds to your MariaDB server version for the right syntax to use near &#039;FROM `tcc-laravel`.`test_cases`&#039; at line 1

-- --------------------------------------------------------

--
-- Struktur dari tabel `users`
--
-- Kesalahan membaca struktur untuk tabel tcc-laravel.users: #1932 - Table &#039;tcc-laravel.users&#039; doesn&#039;t exist in engine
-- Kesalahan membaca data untuk tabel tcc-laravel.users: #1064 - You have an error in your SQL syntax; check the manual that corresponds to your MariaDB server version for the right syntax to use near &#039;FROM `tcc-laravel`.`users`&#039; at line 1
--
-- Database: `tcc_database`
--
CREATE DATABASE IF NOT EXISTS `tcc_database` DEFAULT CHARACTER SET utf8mb4 COLLATE utf8mb4_general_ci;
USE `tcc_database`;

-- --------------------------------------------------------

--
-- Struktur dari tabel `admins`
--

CREATE TABLE `admins` (
  `id` varchar(40) NOT NULL,
  `user_id` varchar(40) NOT NULL,
  `role` varchar(255) NOT NULL,
  `created_at` timestamp NULL DEFAULT NULL,
  `updated_at` timestamp NULL DEFAULT NULL
) ENGINE=InnoDB DEFAULT CHARSET=utf8mb4 COLLATE=utf8mb4_unicode_ci;

--
-- Dumping data untuk tabel `admins`
--

INSERT INTO `admins` (`id`, `user_id`, `role`, `created_at`, `updated_at`) VALUES
('1', '1', 'admin', '2024-01-26 10:28:43', '2024-01-26 10:28:43'),
('2', '2', 'admin', '2024-01-26 10:28:43', '2024-01-26 10:28:43');

-- --------------------------------------------------------

--
-- Struktur dari tabel `categories`
--

CREATE TABLE `categories` (
  `id` bigint(20) UNSIGNED NOT NULL,
  `name` varchar(255) NOT NULL,
  `slug` varchar(255) NOT NULL,
  `created_at` timestamp NULL DEFAULT NULL,
  `updated_at` timestamp NULL DEFAULT NULL
) ENGINE=InnoDB DEFAULT CHARSET=utf8mb4 COLLATE=utf8mb4_unicode_ci;

--
-- Dumping data untuk tabel `categories`
--

INSERT INTO `categories` (`id`, `name`, `slug`, `created_at`, `updated_at`) VALUES
(1, 'Array', 'array', '2024-01-26 10:28:43', '2024-01-26 10:28:43'),
(2, 'Sorting', 'sorting', '2024-01-26 10:28:43', '2024-01-26 10:28:43'),
(3, 'Dynamic Programming', 'dynamic-programming', '2024-01-26 10:28:43', '2024-01-26 10:28:43'),
(4, 'Graph Theory', 'graph-theory', '2024-01-26 10:28:43', '2024-01-26 10:28:43'),
(5, 'String', 'string', '2024-01-26 10:28:43', '2024-01-26 10:28:43');

-- --------------------------------------------------------

--
-- Struktur dari tabel `contests`
--

CREATE TABLE `contests` (
  `id` bigint(20) UNSIGNED NOT NULL,
  `admin_id` varchar(40) NOT NULL,
  `title` varchar(255) NOT NULL,
  `slug` varchar(255) NOT NULL,
  `description` text NOT NULL,
  `start_time` timestamp NULL DEFAULT NULL,
  `end_time` timestamp NULL DEFAULT NULL,
  `created_at` timestamp NULL DEFAULT NULL,
  `updated_at` timestamp NULL DEFAULT NULL
) ENGINE=InnoDB DEFAULT CHARSET=utf8mb4 COLLATE=utf8mb4_unicode_ci;

--
-- Dumping data untuk tabel `contests`
--

INSERT INTO `contests` (`id`, `admin_id`, `title`, `slug`, `description`, `start_time`, `end_time`, `created_at`, `updated_at`) VALUES
(1, '1', 'Contest Pertama', 'contest-pertama', 'Deskripsi contest pertama.', '2024-01-26 10:28:43', '2024-02-02 10:28:43', '2024-01-26 10:28:43', '2024-01-26 10:28:43'),
(2, '2', 'Contest Kedua', 'contest-kedua', 'Deskripsi contest kedua.', '2024-02-05 10:28:43', '2024-02-12 10:28:43', '2024-01-26 10:28:43', '2024-01-26 10:28:43'),
(3, '1', 'Contest Ketiga', 'contest-ketiga', 'Deskripsi contest ketiga.', '2024-02-15 10:28:43', '2024-02-22 10:28:43', '2024-01-26 10:28:43', '2024-01-26 10:28:43');

-- --------------------------------------------------------

--
-- Struktur dari tabel `failed_jobs`
--

CREATE TABLE `failed_jobs` (
  `id` bigint(20) UNSIGNED NOT NULL,
  `uuid` varchar(255) NOT NULL,
  `connection` text NOT NULL,
  `queue` text NOT NULL,
  `payload` longtext NOT NULL,
  `exception` longtext NOT NULL,
  `failed_at` timestamp NOT NULL DEFAULT current_timestamp()
) ENGINE=InnoDB DEFAULT CHARSET=utf8mb4 COLLATE=utf8mb4_unicode_ci;

-- --------------------------------------------------------

--
-- Struktur dari tabel `languages`
--

CREATE TABLE `languages` (
  `id` bigint(20) UNSIGNED NOT NULL,
  `name` varchar(255) NOT NULL,
  `created_at` timestamp NULL DEFAULT NULL,
  `updated_at` timestamp NULL DEFAULT NULL
) ENGINE=InnoDB DEFAULT CHARSET=utf8mb4 COLLATE=utf8mb4_unicode_ci;

--
-- Dumping data untuk tabel `languages`
--

INSERT INTO `languages` (`id`, `name`, `created_at`, `updated_at`) VALUES
(1, 'Java', '2024-01-26 10:28:42', '2024-01-26 10:28:42'),
(2, 'C++', '2024-01-26 10:28:42', '2024-01-26 10:28:42'),
(3, 'C', '2024-01-26 10:28:42', '2024-01-26 10:28:42');

-- --------------------------------------------------------

--
-- Struktur dari tabel `migrations`
--

CREATE TABLE `migrations` (
  `id` int(10) UNSIGNED NOT NULL,
  `migration` varchar(255) NOT NULL,
  `batch` int(11) NOT NULL
) ENGINE=InnoDB DEFAULT CHARSET=utf8mb4 COLLATE=utf8mb4_unicode_ci;

--
-- Dumping data untuk tabel `migrations`
--

INSERT INTO `migrations` (`id`, `migration`, `batch`) VALUES
(1, '2014_10_12_000000_create_users_table', 1),
(2, '2014_10_12_100000_create_password_reset_tokens_table', 1),
(3, '2019_08_19_000000_create_failed_jobs_table', 1),
(4, '2019_12_14_000001_create_personal_access_tokens_table', 1),
(5, '2024_01_26_162704_create_admins_table', 1),
(6, '2024_01_26_162737_create_contests_table', 1),
(7, '2024_01_26_162746_create_problems_table', 1),
(8, '2024_01_26_163015_create_categories_table', 1),
(9, '2024_01_26_163156_create_test_cases_table', 1),
(10, '2024_01_26_163229_create_submissions_table', 1),
(11, '2024_01_26_163238_create_languages_table', 1);

-- --------------------------------------------------------

--
-- Struktur dari tabel `password_reset_tokens`
--

CREATE TABLE `password_reset_tokens` (
  `email` varchar(255) NOT NULL,
  `token` varchar(255) NOT NULL,
  `created_at` timestamp NULL DEFAULT NULL
) ENGINE=InnoDB DEFAULT CHARSET=utf8mb4 COLLATE=utf8mb4_unicode_ci;

-- --------------------------------------------------------

--
-- Struktur dari tabel `personal_access_tokens`
--

CREATE TABLE `personal_access_tokens` (
  `id` bigint(20) UNSIGNED NOT NULL,
  `tokenable_type` varchar(255) NOT NULL,
  `tokenable_id` bigint(20) UNSIGNED NOT NULL,
  `name` varchar(255) NOT NULL,
  `token` varchar(64) NOT NULL,
  `abilities` text DEFAULT NULL,
  `last_used_at` timestamp NULL DEFAULT NULL,
  `expires_at` timestamp NULL DEFAULT NULL,
  `created_at` timestamp NULL DEFAULT NULL,
  `updated_at` timestamp NULL DEFAULT NULL
) ENGINE=InnoDB DEFAULT CHARSET=utf8mb4 COLLATE=utf8mb4_unicode_ci;

-- --------------------------------------------------------

--
-- Struktur dari tabel `problems`
--

CREATE TABLE `problems` (
  `id` bigint(20) UNSIGNED NOT NULL,
  `title` varchar(255) NOT NULL,
  `description` text NOT NULL,
  `time_limit` int(11) NOT NULL,
  `memory_limit` int(11) NOT NULL,
  `input_format` text NOT NULL,
  `sample_input` text NOT NULL,
  `output_format` text NOT NULL,
  `sample_output` text NOT NULL,
  `constraints` text NOT NULL,
  `explanation` text DEFAULT NULL,
  `created_at` timestamp NULL DEFAULT NULL,
  `updated_at` timestamp NULL DEFAULT NULL
) ENGINE=InnoDB DEFAULT CHARSET=utf8mb4 COLLATE=utf8mb4_unicode_ci;

--
-- Dumping data untuk tabel `problems`
--

INSERT INTO `problems` (`id`, `title`, `description`, `time_limit`, `memory_limit`, `input_format`, `sample_input`, `output_format`, `sample_output`, `constraints`, `explanation`, `created_at`, `updated_at`) VALUES
(1, 'Penjumlahan Sederhana', 'Buatlah program yang menerima dua bilangan bulat dan mengeluarkan hasil penjumlahannya.', 1, 16, 'Dua baris berisi satu bilangan bulat tiap baris.', '3\n5', 'Satu baris berisi hasil penjumlahan kedua bilangan.', '8', 'Bilangan yang diinputkan merupakan bilangan bulat dalam rentang -10^9 hingga 10^9.', 'Program harus membaca dua bilangan (3 dan 5), dan mengeluarkan hasil penjumlahannya (8).', '2024-01-26 10:28:42', '2024-01-26 10:28:42'),
(2, 'Menghitung Faktorial', 'Buatlah program yang menghitung faktorial dari sebuah bilangan bulat positif.', 2, 32, 'Satu baris berisi satu bilangan bulat n (0  n  10).', '5', 'Satu baris berisi hasil faktorial dari n.', '120', 'Program harus dapat menangani nilai n dari 0 hingga 10.', 'Program harus menghitung 5! (5 faktorial), yang merupakan hasil perkalian 5  4  3  2  1 = 120.', '2024-01-26 10:28:42', '2024-01-26 10:28:42'),
(3, 'Bilangan Prima', 'Buatlah program yang menentukan apakah suatu bilangan bulat positif adalah bilangan prima atau bukan.', 3, 64, 'Satu baris berisi satu bilangan bulat n (1  n  10^5).', '11', 'Satu baris berisi \"YA\" jika n adalah bilangan prima, dan \"BUKAN\" jika tidak.', 'YA', 'Program harus dapat menangani nilai n dari 1 hingga 10^5.', 'Program harus mengecek apakah bilangan 11 adalah bilangan prima atau tidak. Karena 11 hanya dapat dibagi oleh 1 dan 11, maka bilangan tersebut adalah bilangan prima.', '2024-01-26 10:28:42', '2024-01-26 10:28:42'),
(4, 'Penyusunan Angka', 'Andi memiliki sebuah array berisi n bilangan bulat. Dia ingin menyusun ulang array tersebut sehingga bilangan-bilangan yang berdekatan memiliki perbedaan absolut maksimum. Bantulah Andi menemukan susunan yang memenuhi kondisi tersebut.', 4, 128, 'Baris pertama berisi satu bilangan bulat n (1  n  10^5), jumlah bilangan dalam array. Baris kedua berisi n bilangan bulat yang dipisahkan oleh spasi, masing-masing bernilai antara -10^9 hingga 10^9.', '6\n3 5 1 8 2 7', 'Satu baris berisi susunan ulang array yang memenuhi kondisi.', '7 2 8 1 5 3', 'Program harus dapat menangani nilai n dari 1 hingga 10^5.', 'Susunan ulang yang memenuhi kondisi adalah [7, 2, 8, 1, 5, 3]. Perbedaan absolut antara bilangan berdekatan adalah maksimum.', '2024-01-26 10:28:42', '2024-01-26 10:28:42'),
(5, 'Deret Fibonacci Termodifikasi', 'Diberikan sebuah deret Fibonacci termodifikasi sebagai berikut: F(1) = a, F(2) = b, dan F(n) = F(n-1)^2 + F(n-2) untuk n > 2. Tulislah program untuk menghitung nilai F(n) untuk suatu n yang diberikan.', 5, 256, 'Satu baris berisi dua bilangan bulat a dan b (1  a, b  10^9) yang merupakan nilai awal deret Fibonacci termodifikasi. Baris kedua berisi satu bilangan bulat n (1  n  10^5).', '2 5\n4', 'Satu baris berisi nilai F(n) dari deret termodifikasi.', '181', 'Program harus dapat menangani nilai a, b, dan n hingga 10^9.', 'Deret termodifikasi untuk a = 2, b = 5 adalah: 2, 5, 29, 870, 756250. Nilai F(4) dari deret ini adalah 181.', '2024-01-26 10:28:42', '2024-01-26 10:28:42'),
(6, 'Menentukan Bilangan Genap atau Ganjil', 'Buatlah program yang menerima satu bilangan bulat dan menentukan apakah bilangan tersebut genap atau ganjil.', 1, 16, 'Satu baris berisi satu bilangan bulat.', '7', 'Satu baris berisi \"GENAP\" jika bilangan genap dan \"GANJIL\" jika bilangan ganjil.', 'GANJIL', 'Bilangan yang diinputkan merupakan bilangan bulat dalam rentang -10^9 hingga 10^9.', 'Program harus menentukan apakah bilangan 7 adalah genap atau ganjil dan mengeluarkan hasil \"GANJIL\".', '2024-01-26 10:28:42', '2024-01-26 10:28:42'),
(7, 'Menyusun String', 'Buatlah program yang menerima sebuah string dan mengembalikan string baru yang terdiri dari karakter-karakter unik yang disusun dalam urutan abjad.', 2, 32, 'Satu baris berisi sebuah string.', 'programming', 'Satu baris berisi string baru yang terdiri dari karakter-karakter unik dalam urutan abjad.', 'agimmnoprr', 'Panjang string tidak melebihi 1000 karakter.', 'Program harus menyusun karakter-karakter unik dari string \"programming\" dalam urutan abjad, sehingga menghasilkan string \"agimmnoprr\".', '2024-01-26 10:28:42', '2024-01-26 10:28:42');

-- --------------------------------------------------------

--
-- Struktur dari tabel `problem_categories`
--

CREATE TABLE `problem_categories` (
  `id` int(11) NOT NULL,
  `problem_id` int(10) UNSIGNED NOT NULL,
  `category_id` int(10) UNSIGNED NOT NULL
) ENGINE=InnoDB DEFAULT CHARSET=utf8mb4 COLLATE=utf8mb4_general_ci;

--
-- Dumping data untuk tabel `problem_categories`
--

INSERT INTO `problem_categories` (`id`, `problem_id`, `category_id`) VALUES
(1, 2, 3),
(2, 1, 4),
(3, 2, 1),
(4, 3, 3);

-- --------------------------------------------------------

--
-- Struktur dari tabel `submissions`
--

CREATE TABLE `submissions` (
  `id` bigint(20) UNSIGNED NOT NULL,
  `user_id` varchar(40) NOT NULL,
  `problem_id` bigint(20) UNSIGNED NOT NULL,
  `language_id` bigint(20) UNSIGNED NOT NULL,
  `status` varchar(255) NOT NULL,
  `time` int(11) NOT NULL,
  `memory` int(11) NOT NULL,
  `code` text NOT NULL,
  `created_at` timestamp NULL DEFAULT NULL,
  `updated_at` timestamp NULL DEFAULT NULL
) ENGINE=InnoDB DEFAULT CHARSET=utf8mb4 COLLATE=utf8mb4_unicode_ci;

--
-- Dumping data untuk tabel `submissions`
--

INSERT INTO `submissions` (`id`, `user_id`, `problem_id`, `language_id`, `status`, `time`, `memory`, `code`, `created_at`, `updated_at`) VALUES
(1, '1', 1, 1, 'Accepted', 10, 256, '#include <iostream>\\nint main() { std::cout << \"Hello, World!\"; return 0; }', '2024-01-26 10:28:43', '2024-01-26 10:28:43'),
(2, '2', 3, 2, 'Wrong Answer', 15, 512, '#include <stdio.h>\\nint main() { printf(\"Wrong Answer\\n\"); return 0; }', '2024-01-26 10:28:43', '2024-01-26 10:28:43'),
(3, '1', 6, 3, 'Compile Error', 5, 128, 'def print_message():\\n    print(\"Compile Error\")', '2024-01-26 10:28:43', '2024-01-26 10:28:43');

-- --------------------------------------------------------

--
-- Struktur dari tabel `test_cases`
--

CREATE TABLE `test_cases` (
  `id` bigint(20) UNSIGNED NOT NULL,
  `problem_id` bigint(20) UNSIGNED NOT NULL,
  `input` varchar(255) NOT NULL,
  `output` varchar(255) NOT NULL,
  `created_at` timestamp NULL DEFAULT NULL,
  `updated_at` timestamp NULL DEFAULT NULL
) ENGINE=InnoDB DEFAULT CHARSET=utf8mb4 COLLATE=utf8mb4_unicode_ci;

--
-- Dumping data untuk tabel `test_cases`
--

INSERT INTO `test_cases` (`id`, `problem_id`, `input`, `output`, `created_at`, `updated_at`) VALUES
(1, 1, '3\n5', '8', '2024-01-26 10:28:42', '2024-01-26 10:28:42'),
(2, 2, '5', '120', '2024-01-26 10:28:42', '2024-01-26 10:28:42'),
(3, 3, '11', 'YA', '2024-01-26 10:28:42', '2024-01-26 10:28:42'),
(4, 4, '6\n3 5 1 8 2 7', '7 2 8 1 5 3', '2024-01-26 10:28:42', '2024-01-26 10:28:42'),
(5, 5, '2 5\n4', '181', '2024-01-26 10:28:42', '2024-01-26 10:28:42'),
(6, 6, '7', 'GANJIL', '2024-01-26 10:28:42', '2024-01-26 10:28:42'),
(7, 7, 'programming', 'agimmnoprr', '2024-01-26 10:28:42', '2024-01-26 10:28:42');

-- --------------------------------------------------------

--
-- Struktur dari tabel `users`
--

CREATE TABLE `users` (
  `id` varchar(40) NOT NULL,
  `name` varchar(255) NOT NULL,
  `nim` varchar(255) DEFAULT NULL,
  `score` int(11) NOT NULL DEFAULT 0,
  `email` varchar(255) NOT NULL,
  `email_verified_at` timestamp NULL DEFAULT NULL,
  `password` varchar(255) NOT NULL,
  `remember_token` varchar(100) DEFAULT NULL,
  `created_at` timestamp NULL DEFAULT NULL,
  `updated_at` timestamp NULL DEFAULT NULL
) ENGINE=InnoDB DEFAULT CHARSET=utf8mb4 COLLATE=utf8mb4_unicode_ci;

--
-- Dumping data untuk tabel `users`
--

INSERT INTO `users` (`id`, `name`, `nim`, `score`, `email`, `email_verified_at`, `password`, `remember_token`, `created_at`, `updated_at`) VALUES
('1', 'Admin User', 'A12345', 150, 'admin@example.com', NULL, '$2y$12$uDQaa/M2K8duAZG9yk35VeoIDBc0DJNxo.2rYUvtAFzBk3EkO8XP2', NULL, '2024-01-26 10:28:42', '2024-01-26 10:28:42'),
('2', 'John Doe', 'B67890', 100, 'john.doe@example.com', NULL, '$2y$12$PeSK.HFauyF26OI33UbhBOvq5aMuluUUyYiZEiwUjPPHQAuXFxVpy', NULL, '2024-01-26 10:28:43', '2024-01-26 10:28:43'),
('3', 'Jane Smith', 'C54321', 120, 'jane.smith@example.com', NULL, '$2y$12$mbFibazcZEc3kXWVhxOjTe/CH0EV10LCyV5RBREmw/FoR66MuQ9nK', NULL, '2024-01-26 10:28:43', '2024-01-26 10:28:43');

--
-- Indexes for dumped tables
--

--
-- Indeks untuk tabel `admins`
--
ALTER TABLE `admins`
  ADD PRIMARY KEY (`id`),
  ADD KEY `admins_user_id_foreign` (`user_id`);

--
-- Indeks untuk tabel `categories`
--
ALTER TABLE `categories`
  ADD PRIMARY KEY (`id`);

--
-- Indeks untuk tabel `contests`
--
ALTER TABLE `contests`
  ADD PRIMARY KEY (`id`),
  ADD KEY `contests_admin_id_foreign` (`admin_id`);

--
-- Indeks untuk tabel `failed_jobs`
--
ALTER TABLE `failed_jobs`
  ADD PRIMARY KEY (`id`),
  ADD UNIQUE KEY `failed_jobs_uuid_unique` (`uuid`);

--
-- Indeks untuk tabel `languages`
--
ALTER TABLE `languages`
  ADD PRIMARY KEY (`id`);

--
-- Indeks untuk tabel `migrations`
--
ALTER TABLE `migrations`
  ADD PRIMARY KEY (`id`);

--
-- Indeks untuk tabel `password_reset_tokens`
--
ALTER TABLE `password_reset_tokens`
  ADD PRIMARY KEY (`email`);

--
-- Indeks untuk tabel `personal_access_tokens`
--
ALTER TABLE `personal_access_tokens`
  ADD PRIMARY KEY (`id`),
  ADD UNIQUE KEY `personal_access_tokens_token_unique` (`token`),
  ADD KEY `personal_access_tokens_tokenable_type_tokenable_id_index` (`tokenable_type`,`tokenable_id`);

--
-- Indeks untuk tabel `problems`
--
ALTER TABLE `problems`
  ADD PRIMARY KEY (`id`);

--
-- Indeks untuk tabel `problem_categories`
--
ALTER TABLE `problem_categories`
  ADD PRIMARY KEY (`id`);

--
-- Indeks untuk tabel `submissions`
--
ALTER TABLE `submissions`
  ADD PRIMARY KEY (`id`);

--
-- Indeks untuk tabel `test_cases`
--
ALTER TABLE `test_cases`
  ADD PRIMARY KEY (`id`),
  ADD KEY `test_cases_problem_id_foreign` (`problem_id`);

--
-- Indeks untuk tabel `users`
--
ALTER TABLE `users`
  ADD PRIMARY KEY (`id`),
  ADD UNIQUE KEY `users_email_unique` (`email`);

--
-- AUTO_INCREMENT untuk tabel yang dibuang
--

--
-- AUTO_INCREMENT untuk tabel `categories`
--
ALTER TABLE `categories`
  MODIFY `id` bigint(20) UNSIGNED NOT NULL AUTO_INCREMENT, AUTO_INCREMENT=6;

--
-- AUTO_INCREMENT untuk tabel `contests`
--
ALTER TABLE `contests`
  MODIFY `id` bigint(20) UNSIGNED NOT NULL AUTO_INCREMENT, AUTO_INCREMENT=4;

--
-- AUTO_INCREMENT untuk tabel `failed_jobs`
--
ALTER TABLE `failed_jobs`
  MODIFY `id` bigint(20) UNSIGNED NOT NULL AUTO_INCREMENT;

--
-- AUTO_INCREMENT untuk tabel `languages`
--
ALTER TABLE `languages`
  MODIFY `id` bigint(20) UNSIGNED NOT NULL AUTO_INCREMENT, AUTO_INCREMENT=4;

--
-- AUTO_INCREMENT untuk tabel `migrations`
--
ALTER TABLE `migrations`
  MODIFY `id` int(10) UNSIGNED NOT NULL AUTO_INCREMENT, AUTO_INCREMENT=12;

--
-- AUTO_INCREMENT untuk tabel `personal_access_tokens`
--
ALTER TABLE `personal_access_tokens`
  MODIFY `id` bigint(20) UNSIGNED NOT NULL AUTO_INCREMENT;

--
-- AUTO_INCREMENT untuk tabel `problems`
--
ALTER TABLE `problems`
  MODIFY `id` bigint(20) UNSIGNED NOT NULL AUTO_INCREMENT, AUTO_INCREMENT=8;

--
-- AUTO_INCREMENT untuk tabel `problem_categories`
--
ALTER TABLE `problem_categories`
  MODIFY `id` int(11) NOT NULL AUTO_INCREMENT, AUTO_INCREMENT=5;

--
-- AUTO_INCREMENT untuk tabel `submissions`
--
ALTER TABLE `submissions`
  MODIFY `id` bigint(20) UNSIGNED NOT NULL AUTO_INCREMENT, AUTO_INCREMENT=4;

--
-- AUTO_INCREMENT untuk tabel `test_cases`
--
ALTER TABLE `test_cases`
  MODIFY `id` bigint(20) UNSIGNED NOT NULL AUTO_INCREMENT, AUTO_INCREMENT=8;

--
-- Ketidakleluasaan untuk tabel pelimpahan (Dumped Tables)
--

--
-- Ketidakleluasaan untuk tabel `admins`
--
ALTER TABLE `admins`
  ADD CONSTRAINT `admins_user_id_foreign` FOREIGN KEY (`user_id`) REFERENCES `users` (`id`);

--
-- Ketidakleluasaan untuk tabel `contests`
--
ALTER TABLE `contests`
  ADD CONSTRAINT `contests_admin_id_foreign` FOREIGN KEY (`admin_id`) REFERENCES `admins` (`id`);

--
-- Ketidakleluasaan untuk tabel `test_cases`
--
ALTER TABLE `test_cases`
  ADD CONSTRAINT `test_cases_problem_id_foreign` FOREIGN KEY (`problem_id`) REFERENCES `problems` (`id`);
--
-- Database: `test`
--
CREATE DATABASE IF NOT EXISTS `test` DEFAULT CHARACTER SET latin1 COLLATE latin1_swedish_ci;
USE `test`;
--
-- Database: `userapl`
--
CREATE DATABASE IF NOT EXISTS `userapl` DEFAULT CHARACTER SET utf8mb4 COLLATE utf8mb4_general_ci;
USE `userapl`;
COMMIT;

/*!40101 SET CHARACTER_SET_CLIENT=@OLD_CHARACTER_SET_CLIENT */;
/*!40101 SET CHARACTER_SET_RESULTS=@OLD_CHARACTER_SET_RESULTS */;
/*!40101 SET COLLATION_CONNECTION=@OLD_COLLATION_CONNECTION */;
